{
    "action_space": [
        {
            "steering_angle": -30,
            "speed": 0.6
        },
        {
            "steering_angle": -15,
            "speed": 0.6
        },
        {
            "steering_angle": 0,
            "speed": 0.6
        },
        {
            "steering_angle": 15,
            "speed": 0.6
        },
        {
            "steering_angle": 30,
            "speed": 0.6
        }
    ],
    "sensor": ["FRONT_FACING_CAMERA"],
    "neural_network": "DEEP_CONVOLUTIONAL_NETWORK_SHALLOW",
    "training_algorithm": "clipped_ppo", 
    "action_space_type": "discrete",
    "version": "5"
}
